{
  "schema_version": "1.0",
  "trace_id": "V011SIM_MERGE",
  "timestamp": "2026-01-22T15:15:54Z",
  "current_approved_pack": "pack0-meetcore@0.0.1",
  "next_expected": "pack1",
  "blocking_reasons": [],
  "history_refs": {
    "approvals_dir": "history/approvals/",
    "run_reports_dir": "history/run_reports/",
    "ocas_dir": "history/ocas/",
    "merge_receipts_dir": "history/merge_receipts/"
  },
  "next_expected_variants": [
    "PEC1.01",
    "PEC1.02",
    "PEC1.03",
    "PEC1.04",
    "PEC1.05"
  ],
  "next_expected_note": "MeetCore-first slicing: iniciar pelo PEC1.01 (Signaling+Rooms+Tokens) e evoluir até PEC1.05."
}