{
  "schema_version": "1.0",
  "pack_id": "lai-pack-factory",
  "version": "team",
  "generated_at": "2026-01-22T15:15:56Z",
  "trace_id": "V011SIM_TEAM",
  "files": [
    {
      "path": "00_INDEXES/README.md",
      "sha256": "d986c2aa3d32da90d2477582c09a0648c044b583fe5a3269b2a109eca0ac75fd",
      "bytes": 96
    },
    {
      "path": "02_INVENTORY/manifest.json",
      "sha256": "79d25b38988cdab1ef55a237625527b35d3cd86df1f8e12b915b3eda8b8f8c9c",
      "bytes": 334
    },
    {
      "path": "contracts/README.json",
      "sha256": "0c819c2ab0257caed1a83177717da3b733f45d0c7e50ac45c42f7e662fa8b23d",
      "bytes": 89
    },
    {
      "path": "docs/DATA_RETENTION_MATRIX.md",
      "sha256": "9c4e2ed6d23b17445a80e827e88edad6840f6d8b7d540cf479a054f1a2c6a4ec",
      "bytes": 903
    },
    {
      "path": "docs/DEFINITION_OF_DONE.md",
      "sha256": "678192a0e26cd6620d2abf331dc85c8fce5afc53f1f00246c7141e128a78367d",
      "bytes": 545
    },
    {
      "path": "docs/MEETCORE_SLICES.md",
      "sha256": "c2a6cec6e978d4a7d4bc31b497edd8b2779d2b698f22b78a1e92ec01b547e9a1",
      "bytes": 997
    },
    {
      "path": "docs/PERFORMANCE_BUDGETS.md",
      "sha256": "9736af4fc19a5c443d5e9037b24598318fa7d4e3e686842591a5ca7e25b12682",
      "bytes": 506
    },
    {
      "path": "docs/PLAN.md",
      "sha256": "99a19c7360f8ecc9a6eb158a898d6721ccb53b8a22f9dca96aeb832beaeb653b",
      "bytes": 6754
    },
    {
      "path": "docs/PROMPT_CONTINUIDADE.md",
      "sha256": "e25d83db97f8a3c61b1f4d07b030ff42a4d2d70a10401b31117f5a2cd718e3cf",
      "bytes": 440
    },
    {
      "path": "docs/TROUBLESHOOTING.md",
      "sha256": "21de95e554b8f312037378a5be511edaaac6a0d1f6bde376637248a7bd43ed4b",
      "bytes": 249
    },
    {
      "path": "docs/public/FILEMAP.md",
      "sha256": "433fb582d5ee89bbdaac8f8225dfe97371ce5d946953ec8c73e6597d551a9ec6",
      "bytes": 488
    },
    {
      "path": "docs/public/INDICE_NAVEGAVEL.md",
      "sha256": "04f582af1b8cec5527adb46c20b9dbbf0f4370337ebba3f754c4cfd1a536731d",
      "bytes": 14241
    },
    {
      "path": "docs/public/MAPA_MESTRE.md",
      "sha256": "41229f3dafb2328a65b34c6eb2e653c426bc9e4d9988c923ac9926bf3c77f326",
      "bytes": 11372
    },
    {
      "path": "docs/public/MODO_CLONE_GITHUB.md",
      "sha256": "1757578b782845d938a3f578813ca9e4c37ed0123fbf646a509fbb5ae02883a3",
      "bytes": 95524
    },
    {
      "path": "docs/public/PROMPT_CONTINUIDADE.md",
      "sha256": "fa7b7815c06c3c630b12ce7b1e6e21212911112e4a2ebd01e8c2093cad079fbb",
      "bytes": 673
    },
    {
      "path": "docs/public/SOFTWARE_BOOK.md",
      "sha256": "b4005d64653952c60c8bb0451819af34b5e31484a4a3b18d86e0b2e4ececc5b6",
      "bytes": 1220
    },
    {
      "path": "runbooks/HOW_TO_DEPLOY.md",
      "sha256": "0ed5ffcc116753b9ad1016ec7fd9a585103e2b6f059babc4220eec3a4e5e03d8",
      "bytes": 75
    },
    {
      "path": "runbooks/HOW_TO_ROLLBACK.md",
      "sha256": "9c317cc354b2e657d8b743e05bc9448a993f2bc85b8c600026913b657967edf8",
      "bytes": 79
    },
    {
      "path": "runbooks/HOW_TO_RUN.md",
      "sha256": "79256c67096d0e2104b3ea8f44f101ff4e9f6b896dbff5e99fee2476646e98a0",
      "bytes": 165
    }
  ],
  "notes": "team-safe export (pack0_only, default-deny). pack.meta.json não inclui hash de si mesmo."
}