{
  "schema_version": "1.0",
  "trace_id": "V011SIM_MERGE",
  "timestamp": "2026-01-22T15:16:14Z",
  "inputs": [
    {
      "path": "pack0-app-lai-0.0.1.zip",
      "sha256": "02b587852615e306fee57f613cfbb6fabfc049147d0c2d3a3131523396b7db0d"
    },
    {
      "path": "patch_rr_app-lai.zip",
      "sha256": "245fda73fb8a5cf296bea64390c197d7b53209f8e94cc6cee471d3f8e5c82651"
    },
    {
      "path": "patch_ap_app-lai.zip",
      "sha256": "db3e4410967cb5561744009bbfb6c57d079832818554188d7f71ebab541c494f"
    }
  ],
  "mode": "promoted",
  "notes": "gerado automaticamente pelo merge (determinístico)"
}