{
  "schema_version": "1.0",
  "pack_id": "lai-pack-factory",
  "version": "team",
  "generated_at": "2026-01-22T15:16:26Z",
  "trace_id": "V011SIM_TEAM",
  "files": [
    {
      "path": "00_INDEXES/README.md",
      "sha256": "7d22033efbd974813aa2faa292cf59a95052d4d664c4ffaa2732bfd1b52357ef",
      "bytes": 102
    },
    {
      "path": "02_INVENTORY/manifest.json",
      "sha256": "f4b04dc5decb2835472f02d9c773f380922cb87d3ebfe59d48c4de7d232e265e",
      "bytes": 334
    },
    {
      "path": "contracts/README.json",
      "sha256": "3109e30f0a959d74c2a06aa2bec8a7a9c317442d0450f3652898996cc2e3e50a",
      "bytes": 95
    },
    {
      "path": "docs/CULTURE_PEOPLE_SLICES.md",
      "sha256": "3d44d3ad792e6be2127722f81577e2233f6f9acb938bae55514ba423f8de2830",
      "bytes": 1182
    },
    {
      "path": "docs/DATA_RETENTION_MATRIX.md",
      "sha256": "9c4e2ed6d23b17445a80e827e88edad6840f6d8b7d540cf479a054f1a2c6a4ec",
      "bytes": 903
    },
    {
      "path": "docs/DEFINITION_OF_DONE.md",
      "sha256": "678192a0e26cd6620d2abf331dc85c8fce5afc53f1f00246c7141e128a78367d",
      "bytes": 545
    },
    {
      "path": "docs/PLAN.md",
      "sha256": "b39a7022db004d5c348b07a42e2b4b485b85c1dee768e07bdaed295a97e1bfe5",
      "bytes": 5459
    },
    {
      "path": "docs/PROMPT_CONTINUIDADE.md",
      "sha256": "805bc8ac0945d799cefe382f267d29e558ae1b645da22411c0fa623b0c02a6af",
      "bytes": 458
    },
    {
      "path": "docs/TROUBLESHOOTING.md",
      "sha256": "21de95e554b8f312037378a5be511edaaac6a0d1f6bde376637248a7bd43ed4b",
      "bytes": 249
    },
    {
      "path": "docs/public/FILEMAP.md",
      "sha256": "b7348e17aa46dd7985585c2e2861c5053fb2b2c2da818c43600dabdc0e6cda54",
      "bytes": 462
    },
    {
      "path": "docs/public/INDICE_NAVEGAVEL.md",
      "sha256": "04f582af1b8cec5527adb46c20b9dbbf0f4370337ebba3f754c4cfd1a536731d",
      "bytes": 14241
    },
    {
      "path": "docs/public/MAPA_MESTRE.md",
      "sha256": "41229f3dafb2328a65b34c6eb2e653c426bc9e4d9988c923ac9926bf3c77f326",
      "bytes": 11372
    },
    {
      "path": "docs/public/MODO_CLONE_GITHUB.md",
      "sha256": "1757578b782845d938a3f578813ca9e4c37ed0123fbf646a509fbb5ae02883a3",
      "bytes": 95524
    },
    {
      "path": "docs/public/PROMPT_CONTINUIDADE.md",
      "sha256": "e5e40dc5e10ff4fa11cd77a307a319b3d9dac1926fd3e059ce2a6acffdb6f1d6",
      "bytes": 509
    },
    {
      "path": "docs/public/SOFTWARE_BOOK.md",
      "sha256": "69cc3b627aeb6f9521ca33541a4801528733436ed431ecff03c98ec9b571c958",
      "bytes": 1250
    },
    {
      "path": "runbooks/HOW_TO_DEPLOY.md",
      "sha256": "e442e0aceb9426c03781aa8db05b10153ed319137ee5fa3708e85372e14cd888",
      "bytes": 81
    },
    {
      "path": "runbooks/HOW_TO_ROLLBACK.md",
      "sha256": "2630aa929216db71a9ef4d4cc5f7ba241e2b1895489db8fe7c5754db1790f0d5",
      "bytes": 85
    },
    {
      "path": "runbooks/HOW_TO_RUN.md",
      "sha256": "02f81fa12d455dc5e49627cd969f6220ec15a719aaf8e79f90494eb41bb9ee39",
      "bytes": 177
    }
  ],
  "notes": "team-safe export (pack0_only, default-deny). pack.meta.json não inclui hash de si mesmo."
}