{
  "schema_version": "1.0",
  "pack_id": "lai-pack-factory",
  "version": "team",
  "generated_at": "2026-01-22T15:16:06Z",
  "trace_id": "V011SIM_TEAM",
  "files": [
    {
      "path": "00_INDEXES/README.md",
      "sha256": "9aa923e29aef9d1e1b78bbc11f98bf97ec6056e097f2913690c172df42816891",
      "bytes": 99
    },
    {
      "path": "02_INVENTORY/manifest.json",
      "sha256": "a337972389107d363936622aa7a90b33db153ed9bfad09e3e346b359cfc39780",
      "bytes": 334
    },
    {
      "path": "contracts/README.json",
      "sha256": "298c1e8190db9ff8a1e2450cc74d71dde8509c8824da1eb8c314dd8282e50851",
      "bytes": 92
    },
    {
      "path": "docs/CONNECT_SLICES.md",
      "sha256": "7ff9b6878f16b6a67f8f8f52dbb931ce2e8030d2217e060b72b76d90c16a7b65",
      "bytes": 1283
    },
    {
      "path": "docs/DATA_RETENTION_MATRIX.md",
      "sha256": "9c4e2ed6d23b17445a80e827e88edad6840f6d8b7d540cf479a054f1a2c6a4ec",
      "bytes": 903
    },
    {
      "path": "docs/DEFINITION_OF_DONE.md",
      "sha256": "678192a0e26cd6620d2abf331dc85c8fce5afc53f1f00246c7141e128a78367d",
      "bytes": 545
    },
    {
      "path": "docs/PLAN.md",
      "sha256": "a01e65db146ca123c64c3847c5b5e10f90cce0c55e66e3539c96d3a19e9122ae",
      "bytes": 5432
    },
    {
      "path": "docs/PROMPT_CONTINUIDADE.md",
      "sha256": "d6dbf91bab4d35e3848a0aab85006d160811579e55df5a47e8be658d0490d4a5",
      "bytes": 449
    },
    {
      "path": "docs/TROUBLESHOOTING.md",
      "sha256": "21de95e554b8f312037378a5be511edaaac6a0d1f6bde376637248a7bd43ed4b",
      "bytes": 249
    },
    {
      "path": "docs/public/FILEMAP.md",
      "sha256": "ea05b5f612658fd48edb37256a85cc34ec3fa455588f82ffa84f00fb2c700cf5",
      "bytes": 455
    },
    {
      "path": "docs/public/INDICE_NAVEGAVEL.md",
      "sha256": "04f582af1b8cec5527adb46c20b9dbbf0f4370337ebba3f754c4cfd1a536731d",
      "bytes": 14241
    },
    {
      "path": "docs/public/MAPA_MESTRE.md",
      "sha256": "41229f3dafb2328a65b34c6eb2e653c426bc9e4d9988c923ac9926bf3c77f326",
      "bytes": 11372
    },
    {
      "path": "docs/public/MODO_CLONE_GITHUB.md",
      "sha256": "1757578b782845d938a3f578813ca9e4c37ed0123fbf646a509fbb5ae02883a3",
      "bytes": 95524
    },
    {
      "path": "docs/public/PROMPT_CONTINUIDADE.md",
      "sha256": "0a873cffc45d3c3576e487e4bbbfca01d81d00a1d7b7568feb737230b9f31de6",
      "bytes": 497
    },
    {
      "path": "docs/public/SOFTWARE_BOOK.md",
      "sha256": "6f2da31ed38df25e59ec5df645c46ee4ee78915386e0b176e4c3afa78301fdd2",
      "bytes": 1235
    },
    {
      "path": "runbooks/HOW_TO_DEPLOY.md",
      "sha256": "ad728f7fda2f7e1b240ee183010885c0f08370a80b226556bc0260897990b485",
      "bytes": 78
    },
    {
      "path": "runbooks/HOW_TO_ROLLBACK.md",
      "sha256": "9a681f3fcd060f3f699dda492c08f1cc19edf600917e1f0acaa1e02f76fe68d1",
      "bytes": 82
    },
    {
      "path": "runbooks/HOW_TO_RUN.md",
      "sha256": "4254cf0ce9d623ca4e4ddc27ba2adad667bd6136ea7f2cd8bd5f8ee700259187",
      "bytes": 171
    }
  ],
  "notes": "team-safe export (pack0_only, default-deny). pack.meta.json não inclui hash de si mesmo."
}