{
  "schema_version": "1.0",
  "pack_id": "lai-pack-factory",
  "version": "team",
  "generated_at": "2026-01-22T15:16:16Z",
  "trace_id": "V011SIM_TEAM",
  "files": [
    {
      "path": "00_INDEXES/README.md",
      "sha256": "857ba6a7eb1d19911dd0073a6bcfe5e445e65dd700eb7ec34844b8c16dba3c16",
      "bytes": 95
    },
    {
      "path": "02_INVENTORY/manifest.json",
      "sha256": "6eda1a0b2c6a683224fc03a697e6ebf37702c67bc3dda3a914d84b32990203f9",
      "bytes": 334
    },
    {
      "path": "contracts/README.json",
      "sha256": "6c399a883924c88cad5162027fe58f2a91bc857ebe37eb9a6259bc30f89feb23",
      "bytes": 88
    },
    {
      "path": "docs/APP_LAI_SLICES.md",
      "sha256": "e28d77daa1a7674d42b032236584f0224904c0263fd002d96c4a0afccee32a00",
      "bytes": 1064
    },
    {
      "path": "docs/DATA_RETENTION_MATRIX.md",
      "sha256": "9c4e2ed6d23b17445a80e827e88edad6840f6d8b7d540cf479a054f1a2c6a4ec",
      "bytes": 903
    },
    {
      "path": "docs/DEFINITION_OF_DONE.md",
      "sha256": "678192a0e26cd6620d2abf331dc85c8fce5afc53f1f00246c7141e128a78367d",
      "bytes": 545
    },
    {
      "path": "docs/PLAN.md",
      "sha256": "07119be24fef1899e1f8d50170d1014b72d89d03b93c2a0ae965c6f7a9f7023a",
      "bytes": 5396
    },
    {
      "path": "docs/PROMPT_CONTINUIDADE.md",
      "sha256": "310f22034f339dd80e62788298fc8ba5b49ff9d7eaffceacc2d1046116e2af8a",
      "bytes": 437
    },
    {
      "path": "docs/TROUBLESHOOTING.md",
      "sha256": "21de95e554b8f312037378a5be511edaaac6a0d1f6bde376637248a7bd43ed4b",
      "bytes": 249
    },
    {
      "path": "docs/public/FILEMAP.md",
      "sha256": "f4d04276c0aa6687da2651e126136daf1b9e395c50fad0b5b106260fc86e69e8",
      "bytes": 455
    },
    {
      "path": "docs/public/INDICE_NAVEGAVEL.md",
      "sha256": "04f582af1b8cec5527adb46c20b9dbbf0f4370337ebba3f754c4cfd1a536731d",
      "bytes": 14241
    },
    {
      "path": "docs/public/MAPA_MESTRE.md",
      "sha256": "41229f3dafb2328a65b34c6eb2e653c426bc9e4d9988c923ac9926bf3c77f326",
      "bytes": 11372
    },
    {
      "path": "docs/public/MODO_CLONE_GITHUB.md",
      "sha256": "1757578b782845d938a3f578813ca9e4c37ed0123fbf646a509fbb5ae02883a3",
      "bytes": 95524
    },
    {
      "path": "docs/public/PROMPT_CONTINUIDADE.md",
      "sha256": "eecb8980331ab87c501a4947fe7925e27078c158baadd2b02f29959731b251d8",
      "bytes": 481
    },
    {
      "path": "docs/public/SOFTWARE_BOOK.md",
      "sha256": "0ab66abcddbc03ebefe48a0b6c77ebeb1893e8fd6cb2b41901dd5123fff8d56e",
      "bytes": 1215
    },
    {
      "path": "runbooks/HOW_TO_DEPLOY.md",
      "sha256": "24ad87911e915195808f2f135a0f413fe40619c6cdada276ffd671539f566c57",
      "bytes": 74
    },
    {
      "path": "runbooks/HOW_TO_ROLLBACK.md",
      "sha256": "21013e307975574ece2ee50a8a1e8055b1817daeafa67eb001a06815caac0bde",
      "bytes": 78
    },
    {
      "path": "runbooks/HOW_TO_RUN.md",
      "sha256": "afc9a630bc0b3ff3a733efdccfa06a821e271a172a8a286ee3903f9b4fa1eff6",
      "bytes": 163
    }
  ],
  "notes": "team-safe export (pack0_only, default-deny). pack.meta.json não inclui hash de si mesmo."
}