{
  "schema_version": "1.0",
  "trace_id": "V011SIM_MERGE",
  "timestamp": "2026-01-22T15:15:54Z",
  "inputs": [
    {
      "path": "pack0-meetcore-0.0.1.zip",
      "sha256": "143a6b475a7651b98851d050ae87fff630cb18d8143337a7669f2b925b9023cc"
    },
    {
      "path": "patch_rr_meetcore.zip",
      "sha256": "eee414b34cf0eb06ee9bb4e663898480a871e9d8a434adf9dc5bf2f716144202"
    },
    {
      "path": "patch_ap_meetcore.zip",
      "sha256": "99aa74005b886bdc661bd3cb57437022e9b618934b640f42a9eda2d3d155f5b2"
    }
  ],
  "mode": "promoted",
  "notes": "gerado automaticamente pelo merge (determinístico)"
}