{
  "schema_version": "1.0",
  "trace_id": "V011SIM_MERGE",
  "timestamp": "2026-01-22T15:16:04Z",
  "inputs": [
    {
      "path": "pack0-lai-connect-0.0.1.zip",
      "sha256": "21655bd0a67814621226fd56faa2e96f5d50ae444ec6571c608f1f68af1509d7"
    },
    {
      "path": "patch_rr_lai-connect.zip",
      "sha256": "415eadad56c8fb903b1c499fd365f300ee5e4e4a4c6c6fd3be424929e757477b"
    },
    {
      "path": "patch_ap_lai-connect.zip",
      "sha256": "ccb47748bdaeffe9b26747e0a39bb0e1b564e8b93660954a2fc8c185e9b6f73f"
    }
  ],
  "mode": "promoted",
  "notes": "gerado automaticamente pelo merge (determinístico)"
}