{
  "schema_version": "1.0",
  "trace_id": "V011SIM_MERGE",
  "timestamp": "2026-01-22T15:16:24Z",
  "inputs": [
    {
      "path": "pack0-culture-people-0.0.1.zip",
      "sha256": "5d3dc3922e975085ec32605cf8a8dfdc079a83fdaee3667330ccc844522e324a"
    },
    {
      "path": "patch_rr_culture-people.zip",
      "sha256": "194425ea3a6b65038e5f47195e0d267b7aea27513f3d00d441ebb45a29b4808f"
    },
    {
      "path": "patch_ap_culture-people.zip",
      "sha256": "4293f70af94656ff057dd54f948eb823c14df74d99342fb025556f467e096caf"
    }
  ],
  "mode": "promoted",
  "notes": "gerado automaticamente pelo merge (determinístico)"
}